Bin,Frequency_Hz,Power
0,0.00,0.080605
1,3.91,0.080693
2,7.81,0.080836
3,11.72,0.081187
4,15.62,0.081444
5,19.53,0.081987
6,23.44,0.082483
7,27.34,0.083708
8,31.25,0.085047
9,35.16,0.085831
10,39.06,0.088053
11,42.97,0.090153
12,46.88,0.098830
13,50.78,0.102456
14,54.69,0.096824
15,58.59,0.107320
16,62.50,0.104575
17,66.41,0.107894
18,70.31,0.110611
19,74.22,0.126527
20,78.12,0.144070
21,82.03,0.196184
22,85.94,0.267393
23,89.84,0.306260
24,93.75,0.393007
25,97.66,0.457647
26,101.56,0.528225
27,105.47,0.550388
28,109.38,0.550464
29,113.28,0.761266
30,117.19,1.117017
31,121.09,0.944390
32,125.00,0.849645
33,128.91,0.572565
34,132.81,0.483070
35,136.72,0.471902
36,140.62,0.476315
37,144.53,0.390397
38,148.44,0.346849
39,152.34,0.343336
40,156.25,0.356803
41,160.16,0.396922
42,164.06,0.453494
43,167.97,0.485017
44,171.88,0.452629
45,175.78,0.541397
46,179.69,0.557664
47,183.59,0.599267
48,187.50,0.681326
49,191.41,0.841152
50,195.31,0.817425
51,199.22,0.987159
52,203.12,0.973125
53,207.03,1.110906
54,210.94,1.192372
55,214.84,1.161461
56,218.75,1.185210
57,222.66,1.083399
58,226.56,1.331080
59,230.47,1.755839
60,234.38,1.716372
61,238.28,1.698201
62,242.19,1.529046
63,246.09,1.321086
64,250.00,0.962480
65,253.91,1.052674
66,257.81,0.957525
67,261.72,0.857337
68,265.62,0.832099
69,269.53,0.774372
70,273.44,0.879185
71,277.34,0.908632
72,281.25,0.979941
73,285.16,0.978784
74,289.06,0.948269
75,292.97,0.878069
76,296.88,0.829955
77,300.78,0.782496
78,304.69,0.817412
79,308.59,0.798528
80,312.50,0.868928
81,316.41,0.993572
82,320.31,0.932214
83,324.22,0.849933
84,328.12,0.810512
85,332.03,0.880024
86,335.94,1.058105
87,339.84,1.149655
88,343.75,1.435122
89,347.66,1.661102
90,351.56,1.626347
91,355.47,1.722306
92,359.38,1.660413
93,363.28,1.717349
94,367.19,1.562227
95,371.09,1.241828
96,375.00,1.089889
97,378.91,1.060912
98,382.81,1.035813
99,386.72,0.896352
100,390.62,1.048020
101,394.53,1.095678
102,398.44,1.158720
103,402.34,1.180867
104,406.25,1.157581
105,410.16,1.051015
106,414.06,1.184441
107,417.97,1.408547
108,421.88,1.412861
109,425.78,1.404537
110,429.69,1.382090
111,433.59,1.283828
112,437.50,1.336691
113,441.41,1.330745
114,445.31,1.216013
115,449.22,1.383380
116,453.12,1.438643
117,457.03,1.883119
118,460.94,2.109623
119,464.84,2.652358
120,468.75,2.356442
121,472.66,2.490988
122,476.56,2.277917
123,480.47,2.537861
124,484.38,2.296020
125,488.28,2.078481
126,492.19,1.843203
127,496.09,1.607547
128,500.00,1.648326
129,503.91,1.496175
130,507.81,1.723895
131,511.72,1.565321
132,515.62,1.555039
133,519.53,1.562454
134,523.44,1.348916
135,527.34,1.590967
136,531.25,1.401546
137,535.16,1.338418
138,539.06,1.361211
139,542.97,1.410124
140,546.88,1.306282
141,550.78,1.039567
142,554.69,1.020527
143,558.59,1.134488
144,562.50,1.126661
145,566.41,1.237911
146,570.31,1.460513
147,574.22,1.715257
148,578.12,1.740639
149,582.03,1.779664
150,585.94,1.760046
151,589.84,1.380996
152,593.75,1.701998
153,597.66,1.380805
154,601.56,1.033633
155,605.47,1.084485
156,609.38,1.032514
157,613.28,1.057183
158,617.19,0.825458
159,621.09,0.798282
160,625.00,0.969600
161,628.91,1.119475
162,632.81,0.884376
163,636.72,0.834569
164,640.62,0.931377
165,644.53,0.864160
166,648.44,0.760278
167,652.34,0.880561
168,656.25,0.766600
169,660.16,0.803920
170,664.06,0.787351
171,667.97,0.734582
172,671.88,0.867298
173,675.78,0.488308
174,679.69,0.691624
175,683.59,0.675504
176,687.50,0.655124
177,691.41,0.743555
178,695.31,0.620369
179,699.22,0.517172
180,703.12,0.478763
181,707.03,0.487408
182,710.94,0.548242
183,714.84,0.636314
184,718.75,0.591697
185,722.66,0.615206
186,726.56,0.666191
187,730.47,0.660953
188,734.38,0.552426
189,738.28,0.495363
190,742.19,0.497742
191,746.09,0.517811
192,750.00,0.449529
193,753.91,0.447252
194,757.81,0.435239
195,761.72,0.387889
196,765.62,0.421101
197,769.53,0.296837
198,773.44,0.305306
199,777.34,0.298323
200,781.25,0.308659
201,785.16,0.340625
202,789.06,0.305913
203,792.97,0.276564
204,796.88,0.315213
205,800.78,0.351085
206,804.69,0.389986
207,808.59,0.414092
208,812.50,0.446692
209,816.41,0.387343
210,820.31,0.322416
211,824.22,0.287011
212,828.12,0.332453
213,832.03,0.364828
214,835.94,0.309213
215,839.84,0.290668
216,843.75,0.226465
217,847.66,0.238397
218,851.56,0.253332
219,855.47,0.234303
220,859.38,0.207102
221,863.28,0.219188
222,867.19,0.224275
223,871.09,0.228829
224,875.00,0.226832
225,878.91,0.182134
226,882.81,0.184185
227,886.72,0.181049
228,890.62,0.157172
229,894.53,0.178416
230,898.44,0.181256
231,902.34,0.158220
232,906.25,0.146568
233,910.16,0.151518
234,914.06,0.155691
235,917.97,0.180807
236,921.88,0.197584
237,925.78,0.220409
238,929.69,0.239655
239,933.59,0.197703
240,937.50,0.170111
241,941.41,0.140992
242,945.31,0.147557
243,949.22,0.162324
244,953.12,0.162744
245,957.03,0.203065
246,960.94,0.186332
247,964.84,0.199368
248,968.75,0.179687
249,972.66,0.183970
250,976.56,0.200812
251,980.47,0.195035
252,984.38,0.221197
253,988.28,0.216220
254,992.19,0.214675
255,996.09,0.176838
256,1000.00,0.203337
257,1003.91,0.192895
258,1007.81,0.215647
259,1011.72,0.224154
260,1015.62,0.202588
261,1019.53,0.220405
262,1023.44,0.203637
263,1027.34,0.242992
264,1031.25,0.242361
265,1035.16,0.271750
266,1039.06,0.271702
267,1042.97,0.302671
268,1046.88,0.321230
269,1050.78,0.360528
270,1054.69,0.362230
271,1058.59,0.302015
272,1062.50,0.298910
273,1066.41,0.267587
274,1070.31,0.302026
275,1074.22,0.266120
276,1078.12,0.279524
277,1082.03,0.284692
278,1085.94,0.269361
279,1089.84,0.280700
280,1093.75,0.319491
281,1097.66,0.326483
282,1101.56,0.300841
283,1105.47,0.254797
284,1109.38,0.234953
285,1113.28,0.223792
286,1117.19,0.242407
287,1121.09,0.236326
288,1125.00,0.315895
289,1128.91,0.337085
290,1132.81,0.354792
291,1136.72,0.326670
292,1140.62,0.395526
293,1144.53,0.431200
294,1148.44,0.508474
295,1152.34,0.597351
296,1156.25,0.511807
297,1160.16,0.527188
298,1164.06,0.476377
299,1167.97,0.383176
300,1171.88,0.370595
301,1175.78,0.370596
302,1179.69,0.498924
303,1183.59,0.475089
304,1187.50,0.404258
305,1191.41,0.440825
306,1195.31,0.499593
307,1199.22,0.512812
308,1203.12,0.425156
309,1207.03,0.376485
310,1210.94,0.367817
311,1214.84,0.406954
312,1218.75,0.392728
313,1222.66,0.407037
314,1226.56,0.407021
315,1230.47,0.396445
316,1234.38,0.415375
317,1238.28,0.543496
318,1242.19,0.482916
319,1246.09,0.539743
320,1250.00,0.453920
321,1253.91,0.438624
322,1257.81,0.469123
323,1261.72,0.406029
324,1265.62,0.604800
325,1269.53,0.541699
326,1273.44,0.462025
327,1277.34,0.405670
328,1281.25,0.484564
329,1285.16,0.510554
330,1289.06,0.509655
331,1292.97,0.514000
332,1296.88,0.490051
333,1300.78,0.426976
334,1304.69,0.398460
335,1308.59,0.564476
336,1312.50,0.556292
337,1316.41,0.522821
338,1320.31,0.523332
339,1324.22,0.475271
340,1328.12,0.479768
341,1332.03,0.503803
342,1335.94,0.545311
343,1339.84,0.614943
344,1343.75,0.499088
345,1347.66,0.518050
346,1351.56,0.476168
347,1355.47,0.357479
348,1359.38,0.390647
349,1363.28,0.464003
350,1367.19,0.494070
351,1371.09,0.467841
352,1375.00,0.398697
353,1378.91,0.418930
354,1382.81,0.424238
355,1386.72,0.497352
356,1390.62,0.426078
357,1394.53,0.411994
358,1398.44,0.338627
359,1402.34,0.302928
360,1406.25,0.330385
361,1410.16,0.364165
362,1414.06,0.346127
363,1417.97,0.352217
364,1421.88,0.392516
365,1425.78,0.452775
366,1429.69,0.433856
367,1433.59,0.469799
368,1437.50,0.450966
369,1441.41,0.346650
370,1445.31,0.375025
371,1449.22,0.363464
372,1453.12,0.314845
373,1457.03,0.299898
374,1460.94,0.284344
375,1464.84,0.345972
376,1468.75,0.379106
377,1472.66,0.378613
378,1476.56,0.339074
379,1480.47,0.301877
380,1484.38,0.304147
381,1488.28,0.309383
382,1492.19,0.294739
383,1496.09,0.291957
384,1500.00,0.261720
385,1503.91,0.275323
386,1507.81,0.247272
387,1511.72,0.254948
388,1515.62,0.258727
389,1519.53,0.292055
390,1523.44,0.309764
391,1527.34,0.307513
392,1531.25,0.348051
393,1535.16,0.329622
394,1539.06,0.309309
395,1542.97,0.327217
396,1546.88,0.286297
397,1550.78,0.311187
398,1554.69,0.297391
399,1558.59,0.313017
400,1562.50,0.309565
401,1566.41,0.316216
402,1570.31,0.310769
403,1574.22,0.260649
404,1578.12,0.236140
405,1582.03,0.235642
406,1585.94,0.282376
407,1589.84,0.296935
408,1593.75,0.258434
409,1597.66,0.261867
410,1601.56,0.232780
411,1605.47,0.192076
412,1609.38,0.231870
413,1613.28,0.225397
414,1617.19,0.204849
415,1621.09,0.201960
416,1625.00,0.247387
417,1628.91,0.284308
418,1632.81,0.246347
419,1636.72,0.275857
420,1640.62,0.254036
421,1644.53,0.227836
422,1648.44,0.205273
423,1652.34,0.233619
424,1656.25,0.187940
425,1660.16,0.234061
426,1664.06,0.273852
427,1667.97,0.324634
428,1671.88,0.331846
429,1675.78,0.325199
430,1679.69,0.297251
431,1683.59,0.250893
432,1687.50,0.246841
433,1691.41,0.265561
434,1695.31,0.239524
435,1699.22,0.236505
436,1703.12,0.241325
437,1707.03,0.267294
438,1710.94,0.301740
439,1714.84,0.276904
440,1718.75,0.273834
441,1722.66,0.323624
442,1726.56,0.275156
443,1730.47,0.230351
444,1734.38,0.215120
445,1738.28,0.233297
446,1742.19,0.215350
447,1746.09,0.189547
448,1750.00,0.206620
449,1753.91,0.211634
450,1757.81,0.175937
451,1761.72,0.219557
452,1765.62,0.177578
453,1769.53,0.245599
454,1773.44,0.302514
455,1777.34,0.242615
456,1781.25,0.310352
457,1785.16,0.278513
458,1789.06,0.242810
459,1792.97,0.270295
460,1796.88,0.276307
461,1800.78,0.220017
462,1804.69,0.182822
463,1808.59,0.174026
464,1812.50,0.195528
465,1816.41,0.194343
466,1820.31,0.227876
467,1824.22,0.261080
468,1828.12,0.214227
469,1832.03,0.273223
470,1835.94,0.253821
471,1839.84,0.233939
472,1843.75,0.181644
473,1847.66,0.196402
474,1851.56,0.223625
475,1855.47,0.216248
476,1859.38,0.210377
477,1863.28,0.202291
478,1867.19,0.217994
479,1871.09,0.226055
480,1875.00,0.240776
481,1878.91,0.210655
482,1882.81,0.216040
483,1886.72,0.242307
484,1890.62,0.239132
485,1894.53,0.213450
486,1898.44,0.229512
487,1902.34,0.215335
488,1906.25,0.207953
489,1910.16,0.223691
490,1914.06,0.255123
491,1917.97,0.255422
492,1921.88,0.265821
493,1925.78,0.237190
494,1929.69,0.209290
495,1933.59,0.210464
496,1937.50,0.202834
497,1941.41,0.227335
498,1945.31,0.258707
499,1949.22,0.284368
500,1953.12,0.300948
501,1957.03,0.257326
502,1960.94,0.227051
503,1964.84,0.226481
504,1968.75,0.247062
505,1972.66,0.269296
506,1976.56,0.243629
507,1980.47,0.228255
508,1984.38,0.261863
509,1988.28,0.271170
510,1992.19,0.320263
511,1996.09,0.232045
512,2000.00,0.222408
513,2003.91,0.257279
514,2007.81,0.247895
515,2011.72,0.254345
516,2015.62,0.235394
517,2019.53,0.255939
518,2023.44,0.261302
519,2027.34,0.304523
520,2031.25,0.228317
521,2035.16,0.218446
522,2039.06,0.257241
523,2042.97,0.240651
524,2046.88,0.246802
525,2050.78,0.244072
526,2054.69,0.265693
527,2058.59,0.256769
528,2062.50,0.277535
529,2066.41,0.272870
530,2070.31,0.325921
531,2074.22,0.292929
532,2078.12,0.277303
533,2082.03,0.303044
534,2085.94,0.293599
535,2089.84,0.290360
536,2093.75,0.272016
537,2097.66,0.272859
538,2101.56,0.241272
539,2105.47,0.298032
540,2109.38,0.248219
541,2113.28,0.269541
542,2117.19,0.274336
543,2121.09,0.307852
544,2125.00,0.329240
545,2128.91,0.279265
546,2132.81,0.298658
547,2136.72,0.299312
548,2140.62,0.246161
549,2144.53,0.262600
550,2148.44,0.324390
551,2152.34,0.339524
552,2156.25,0.291262
553,2160.16,0.334408
554,2164.06,0.299218
555,2167.97,0.258790
556,2171.88,0.303359
557,2175.78,0.347644
558,2179.69,0.277243
559,2183.59,0.292965
560,2187.50,0.332437
561,2191.41,0.378150
562,2195.31,0.450284
563,2199.22,0.468993
564,2203.12,0.357857
565,2207.03,0.334825
566,2210.94,0.267530
567,2214.84,0.273198
568,2218.75,0.330288
569,2222.66,0.292065
570,2226.56,0.227951
571,2230.47,0.253945
572,2234.38,0.268949
573,2238.28,0.303526
574,2242.19,0.321444
575,2246.09,0.353870
576,2250.00,0.302759
577,2253.91,0.284001
578,2257.81,0.276410
579,2261.72,0.302286
580,2265.62,0.319898
581,2269.53,0.259087
582,2273.44,0.264543
583,2277.34,0.276166
584,2281.25,0.283373
585,2285.16,0.284338
586,2289.06,0.334787
587,2292.97,0.367452
588,2296.88,0.343829
589,2300.78,0.249713
590,2304.69,0.242424
591,2308.59,0.274208
592,2312.50,0.268937
593,2316.41,0.299699
594,2320.31,0.373755
595,2324.22,0.335262
596,2328.12,0.308698
597,2332.03,0.269595
598,2335.94,0.271726
599,2339.84,0.297050
600,2343.75,0.261399
601,2347.66,0.275098
602,2351.56,0.270129
603,2355.47,0.295543
604,2359.38,0.325134
605,2363.28,0.336596
606,2367.19,0.261165
607,2371.09,0.272052
608,2375.00,0.220826
609,2378.91,0.243381
610,2382.81,0.234312
611,2386.72,0.231212
612,2390.62,0.291165
613,2394.53,0.248523
614,2398.44,0.282604
615,2402.34,0.266060
616,2406.25,0.274722
617,2410.16,0.243589
618,2414.06,0.225056
619,2417.97,0.240469
620,2421.88,0.251981
621,2425.78,0.230625
622,2429.69,0.235141
623,2433.59,0.194174
624,2437.50,0.193575
625,2441.41,0.211988
626,2445.31,0.212046
627,2449.22,0.194389
628,2453.12,0.177383
629,2457.03,0.173171
630,2460.94,0.189945
631,2464.84,0.185909
632,2468.75,0.175069
633,2472.66,0.186694
634,2476.56,0.197076
635,2480.47,0.211941
636,2484.38,0.191914
637,2488.28,0.189823
638,2492.19,0.182223
639,2496.09,0.162117
640,2500.00,0.153821
641,2503.91,0.144682
642,2507.81,0.163904
643,2511.72,0.155306
644,2515.62,0.160570
645,2519.53,0.165512
646,2523.44,0.157844
647,2527.34,0.172143
648,2531.25,0.158024
649,2535.16,0.135197
650,2539.06,0.129215
651,2542.97,0.096574
652,2546.88,0.109288
653,2550.78,0.108535
654,2554.69,0.101679
655,2558.59,0.091748
656,2562.50,0.096112
657,2566.41,0.107029
658,2570.31,0.095173
659,2574.22,0.104184
660,2578.12,0.116655
661,2582.03,0.108968
662,2585.94,0.102540
663,2589.84,0.090843
664,2593.75,0.099847
665,2597.66,0.102068
666,2601.56,0.106660
667,2605.47,0.104906
668,2609.38,0.097027
669,2613.28,0.101423
670,2617.19,0.111679
671,2621.09,0.098541
672,2625.00,0.095559
673,2628.91,0.092447
674,2632.81,0.102340
675,2636.72,0.087462
676,2640.62,0.086743
677,2644.53,0.083936
678,2648.44,0.078189
679,2652.34,0.066783
680,2656.25,0.070607
681,2660.16,0.074292
682,2664.06,0.073003
683,2667.97,0.054913
684,2671.88,0.054263
685,2675.78,0.053651
686,2679.69,0.067188
687,2683.59,0.071496
688,2687.50,0.075496
689,2691.41,0.072811
690,2695.31,0.076087
691,2699.22,0.076271
692,2703.12,0.074293
693,2707.03,0.064121
694,2710.94,0.068426
695,2714.84,0.067531
696,2718.75,0.064745
697,2722.66,0.064735
698,2726.56,0.078340
699,2730.47,0.084614
700,2734.38,0.085357
701,2738.28,0.082453
702,2742.19,0.079897
703,2746.09,0.080468
704,2750.00,0.073482
705,2753.91,0.080498
706,2757.81,0.081403
707,2761.72,0.081638
708,2765.62,0.084987
709,2769.53,0.090318
710,2773.44,0.081817
711,2777.34,0.086805
712,2781.25,0.091341
713,2785.16,0.082238
714,2789.06,0.080310
715,2792.97,0.075793
716,2796.88,0.082541
717,2800.78,0.086950
718,2804.69,0.080312
719,2808.59,0.083496
720,2812.50,0.084339
721,2816.41,0.092027
722,2820.31,0.092855
723,2824.22,0.089309
724,2828.12,0.081092
725,2832.03,0.076341
726,2835.94,0.083608
727,2839.84,0.096540
728,2843.75,0.094173
729,2847.66,0.095141
730,2851.56,0.097729
731,2855.47,0.094410
732,2859.38,0.093328
733,2863.28,0.094363
734,2867.19,0.088623
735,2871.09,0.088850
736,2875.00,0.112421
737,2878.91,0.108990
738,2882.81,0.105131
739,2886.72,0.122116
740,2890.62,0.106703
741,2894.53,0.115966
742,2898.44,0.112617
743,2902.34,0.100681
744,2906.25,0.101482
745,2910.16,0.099641
746,2914.06,0.100751
747,2917.97,0.105180
748,2921.88,0.103637
749,2925.78,0.123310
750,2929.69,0.130103
751,2933.59,0.116128
752,2937.50,0.128318
753,2941.41,0.124666
754,2945.31,0.094187
755,2949.22,0.120618
756,2953.12,0.116388
757,2957.03,0.137739
758,2960.94,0.127253
759,2964.84,0.120955
760,2968.75,0.135061
761,2972.66,0.133129
762,2976.56,0.122006
763,2980.47,0.103922
764,2984.38,0.106430
765,2988.28,0.139993
766,2992.19,0.118945
767,2996.09,0.143613
768,3000.00,0.144856
769,3003.91,0.155728
770,3007.81,0.140522
771,3011.72,0.131281
772,3015.62,0.113687
773,3019.53,0.135170
774,3023.44,0.127711
775,3027.34,0.140023
776,3031.25,0.128097
777,3035.16,0.142363
778,3039.06,0.153678
779,3042.97,0.119160
780,3046.88,0.130061
781,3050.78,0.141547
782,3054.69,0.173412
783,3058.59,0.157962
784,3062.50,0.149182
785,3066.41,0.125794
786,3070.31,0.128617
787,3074.22,0.150018
788,3078.12,0.158583
789,3082.03,0.171317
790,3085.94,0.162429
791,3089.84,0.189859
792,3093.75,0.165720
793,3097.66,0.169351
794,3101.56,0.149612
795,3105.47,0.149872
796,3109.38,0.163778
797,3113.28,0.162047
798,3117.19,0.169793
799,3121.09,0.139740
800,3125.00,0.137259
801,3128.91,0.127029
802,3132.81,0.122908
803,3136.72,0.154763
804,3140.62,0.140510
805,3144.53,0.134565
806,3148.44,0.113714
807,3152.34,0.127224
808,3156.25,0.125468
809,3160.16,0.135101
810,3164.06,0.153600
811,3167.97,0.170921
812,3171.88,0.158352
813,3175.78,0.157745
814,3179.69,0.180113
815,3183.59,0.135186
816,3187.50,0.153046
817,3191.41,0.146114
818,3195.31,0.144511
819,3199.22,0.143429
820,3203.12,0.137070
821,3207.03,0.157707
822,3210.94,0.162934
823,3214.84,0.157825
824,3218.75,0.135711
825,3222.66,0.126103
826,3226.56,0.135374
827,3230.47,0.135173
828,3234.38,0.162440
829,3238.28,0.146287
830,3242.19,0.133100
831,3246.09,0.149154
832,3250.00,0.153302
833,3253.91,0.157938
834,3257.81,0.136224
835,3261.72,0.142866
836,3265.62,0.113366
837,3269.53,0.129726
838,3273.44,0.142269
839,3277.34,0.129571
840,3281.25,0.143459
841,3285.16,0.168744
842,3289.06,0.173710
843,3292.97,0.170172
844,3296.88,0.156702
845,3300.78,0.142395
846,3304.69,0.151707
847,3308.59,0.136925
848,3312.50,0.153029
849,3316.41,0.160199
850,3320.31,0.157287
851,3324.22,0.170077
852,3328.12,0.172506
853,3332.03,0.137836
854,3335.94,0.147363
855,3339.84,0.135840
856,3343.75,0.141253
857,3347.66,0.165551
858,3351.56,0.178135
859,3355.47,0.138570
860,3359.38,0.137399
861,3363.28,0.130491
862,3367.19,0.149585
863,3371.09,0.155738
864,3375.00,0.141762
865,3378.91,0.148540
866,3382.81,0.143503
867,3386.72,0.171751
868,3390.62,0.187786
869,3394.53,0.182296
870,3398.44,0.179192
871,3402.34,0.160867
872,3406.25,0.185092
873,3410.16,0.176484
874,3414.06,0.159478
875,3417.97,0.160731
876,3421.88,0.191936
877,3425.78,0.198267
878,3429.69,0.154200
879,3433.59,0.144520
880,3437.50,0.166660
881,3441.41,0.164836
882,3445.31,0.139529
883,3449.22,0.186002
884,3453.12,0.208265
885,3457.03,0.178707
886,3460.94,0.147977
887,3464.84,0.167325
888,3468.75,0.172921
889,3472.66,0.147441
890,3476.56,0.147908
891,3480.47,0.158418
892,3484.38,0.144075
893,3488.28,0.153871
894,3492.19,0.147253
895,3496.09,0.157998
896,3500.00,0.146441
897,3503.91,0.156520
898,3507.81,0.150466
899,3511.72,0.144006
900,3515.62,0.155509
901,3519.53,0.144249
902,3523.44,0.123387
903,3527.34,0.128806
904,3531.25,0.129314
905,3535.16,0.145626
906,3539.06,0.133260
907,3542.97,0.158708
908,3546.88,0.182158
909,3550.78,0.197187
910,3554.69,0.214265
911,3558.59,0.158758
912,3562.50,0.142983
913,3566.41,0.142333
914,3570.31,0.121919
915,3574.22,0.158054
916,3578.12,0.153472
917,3582.03,0.148535
918,3585.94,0.147018
919,3589.84,0.145546
920,3593.75,0.150218
921,3597.66,0.160167
922,3601.56,0.139177
923,3605.47,0.161970
924,3609.38,0.153668
925,3613.28,0.151083
926,3617.19,0.148598
927,3621.09,0.148554
928,3625.00,0.154536
929,3628.91,0.139675
930,3632.81,0.134178
931,3636.72,0.139384
932,3640.62,0.146231
933,3644.53,0.148816
934,3648.44,0.142231
935,3652.34,0.111855
936,3656.25,0.136043
937,3660.16,0.114655
938,3664.06,0.108319
939,3667.97,0.114665
940,3671.88,0.118292
941,3675.78,0.128129
942,3679.69,0.123327
943,3683.59,0.128516
944,3687.50,0.125038
945,3691.41,0.118221
946,3695.31,0.137428
947,3699.22,0.099760
948,3703.12,0.114191
949,3707.03,0.099715
950,3710.94,0.104830
951,3714.84,0.114945
952,3718.75,0.127263
953,3722.66,0.109109
954,3726.56,0.107466
955,3730.47,0.133838
956,3734.38,0.112460
957,3738.28,0.137120
958,3742.19,0.139531
959,3746.09,0.126143
960,3750.00,0.122289
961,3753.91,0.095986
962,3757.81,0.109963
963,3761.72,0.106419
964,3765.62,0.096100
965,3769.53,0.096873
966,3773.44,0.081348
967,3777.34,0.082857
968,3781.25,0.075517
969,3785.16,0.096811
970,3789.06,0.091009
971,3792.97,0.094090
972,3796.88,0.082836
973,3800.78,0.090152
974,3804.69,0.064092
975,3808.59,0.073213
976,3812.50,0.074192
977,3816.41,0.077864
978,3820.31,0.065930
979,3824.22,0.069859
980,3828.12,0.071065
981,3832.03,0.067507
982,3835.94,0.058998
983,3839.84,0.058777
984,3843.75,0.057000
985,3847.66,0.073730
986,3851.56,0.063936
987,3855.47,0.076812
988,3859.38,0.090408
989,3863.28,0.080510
990,3867.19,0.073956
991,3871.09,0.059997
992,3875.00,0.051603
993,3878.91,0.079670
994,3882.81,0.079873
995,3886.72,0.078621
996,3890.62,0.067801
997,3894.53,0.062977
998,3898.44,0.052913
999,3902.34,0.061653
1000,3906.25,0.072604
1001,3910.16,0.084200
1002,3914.06,0.093968
1003,3917.97,0.095648
1004,3921.88,0.099510
1005,3925.78,0.088575
1006,3929.69,0.093889
1007,3933.59,0.089022
1008,3937.50,0.098068
1009,3941.41,0.108327
1010,3945.31,0.104342
1011,3949.22,0.077922
1012,3953.12,0.077046
1013,3957.03,0.095055
1014,3960.94,0.090167
1015,3964.84,0.084146
1016,3968.75,0.113318
1017,3972.66,0.115959
1018,3976.56,0.104783
1019,3980.47,0.095534
1020,3984.38,0.131348
1021,3988.28,0.116187
1022,3992.19,0.097386
1023,3996.09,0.115314
